week,theme,date
1,ロック大陸上陸の頃の曲で漫遊記,2018-01-07
2,草野マサムネの最近のヘビロテ曲で漫遊記,2018-01-14
3,ギター初心者の頃を振り返って漫遊記,2018-01-21
4,最近よく聴く、気になる邦楽ナンバーで漫遊記,2018-01-28
5,残響の気持ちいい曲で漫遊記,2018-02-04
6,そのメロディ、よー作ったな！美メロで漫遊記,2018-02-11
7,スピッツメンバーと漫遊記,2018-02-18
8,スピッツメンバーと漫遊記パート2,2018-02-25
9,アコギサウンドリクエストで漫遊記,2018-03-04
10,同世代現役ロックバンドで漫遊記,2018-03-11
11,今、気になる邦楽リクエストで漫遊記,2018-03-18
12,クセになる面白ソングで漫遊記,2018-03-25
13,タンタンタコタコで漫遊記,2018-04-01
14,70年代日本語ロックで漫遊記,2018-04-08
15,シンガロングで漫遊記,2018-04-15
16,素敵なイントロで漫遊記,2018-04-22
17,ユーライアヒープで漫遊記,2018-04-29
18,憂鬱な時こそ暗くて美しい曲で漫遊記,2018-05-06
19,MUSIC LIFE 1969年4月号で漫遊記,2018-05-13
20,ロックな昭和アニソンで漫遊記,2018-05-20
21,産業ロックで漫遊記,2018-05-27
22,ザ・コレクターズで漫遊記,2018-06-03
23,フランス語ソングで漫遊記,2018-06-10
24,宝島1986年6月号で漫遊記,2018-06-17
25,動物名バンドで漫遊記,2018-06-24
26,ハイトーンボーカルで漫遊記,2018-07-01
27,Teenage Fanclubで漫遊記,2018-07-08
28,シャッフルのリズムで漫遊記,2018-07-15
29,歌が始まっても鳴り止まないギターリフで漫遊記,2018-07-22
30,夏ロックで漫遊記,2018-07-29
31,スピッツメンバーと漫遊記 田村明浩編,2018-08-05
32,スピッツメンバーと漫遊記 三輪テツヤ編,2018-08-12
33,スピッツメンバーと漫遊記 崎山龍男編,2018-08-19
34,沖縄ロックバンドで漫遊記,2018-08-26
35,ロックなビリージョエルで漫遊記,2018-09-02
36,ロク漫的オシャレロックで漫遊記,2018-09-09
37,アジア圏のロックで漫遊記,2018-09-16
38,MUSIC LIFE 1976年9月号で漫遊記,2018-09-23
39,ちょっぴりタイムマシンリクエストで漫遊記,2018-09-30
40,ポール・ロジャースで漫遊記,2018-10-07
41,歌謡曲のロックギターで漫遊記,2018-10-14
42,ツンタンビートで漫遊記,2018-10-21
43,食べ物タイトルのロックナンバーで漫遊記,2018-10-28
44,クージーことクジヒロコと漫遊記,2018-11-04
45,独断でセレクト！このバンド、スピッツっぽくね？な洋楽で漫遊記,2018-11-11
46,Pixiesで漫遊記,2018-11-18
47,ロッキングオンジャパン1995年9月号で漫遊記,2018-11-25
48,オーストラリアのロックバンドで漫遊記,2018-12-02
49,シン・リジィで漫遊記,2018-12-09
50,その声に惚れちゃう女性ロックボーカルで漫遊記,2018-12-16
51,2018年、気になった曲で漫遊記,2018-12-23
52,タイトルに男性名が入ったロックナンバーで漫遊記,2018-12-30
53,ロク漫1周年！T・Y・K(当初やりたかった感じ)で漫遊記,2019-01-06
54,スピッツ三輪テツヤで漫遊記2019新春,2019-01-13
55,スピッツ崎山龍男で漫遊記2019,2019-01-20
56,スピッツ田村明浩で漫遊記2019,2019-01-27
57,大和言葉のバンド名で漫遊記,2019-02-03
58,ライドで漫遊記,2019-02-10